ParentID,ParentName,Profession,AnnualIncome,MobileNo,Email
1,Matthew Atwal,Bank Officer,1313128,9922286180,matthew.parent1@gmail.com
2,Edhitha Mahal,Architect,2182547,9772966010,edhitha.parent2@gmail.com
3,Arin Bhagat,Bank Officer,1301745,9572309605,arin.parent3@gmail.com
4,Mugdha Date,Teacher,1348430,9351785565,mugdha.parent4@gmail.com
5,Yatan Chauhan,Lawyer,1558646,9443285529,yatan.parent5@gmail.com
6,Abha Mane,Contractor,487967,9248578017,abha.parent6@gmail.com
7,Wahab Srinivas,Farmer,1119980,9511281012,wahab.parent7@gmail.com
8,Urvi Oak,Farmer,1047383,9168965204,urvi.parent8@gmail.com
9,George Behl,Shopkeeper,1859595,9455281184,george.parent9@gmail.com
10,Lajita Sridhar,Contractor,2104228,9546434187,lajita.parent10@gmail.com
11,Dakshesh Bhattacharyya,Doctor,1017526,9994310083,dakshesh.parent11@gmail.com
12,Suhani Swamy,Shopkeeper,1783584,9926561919,suhani.parent12@gmail.com
13,Balhaar Bera,Salesman,231922,9922050912,balhaar.parent13@gmail.com
14,Forum Dixit,Salesman,1745433,9612153089,forum.parent14@gmail.com
15,Max Chada,Engineer,1625383,9420632895,max.parent15@gmail.com
16,Kritika Dani,Police Officer,1907502,9677909930,kritika.parent16@gmail.com
17,Sathvik Kara,Contractor,1075006,9624232414,sathvik.parent17@gmail.com
18,Yutika Rai,Bank Officer,1294773,9567975319,yutika.parent18@gmail.com
19,Umang Savant,Professor,271738,9517532243,umang.parent19@gmail.com
20,Neha Sanghvi,Software Developer,1845827,9877583839,neha.parent20@gmail.com
21,Michael Bhasin,Government Employee,2110376,9237039296,michael.parent21@gmail.com
22,Chavvi Johal,Self Employed,2390276,9128955006,chavvi.parent22@gmail.com
23,Hitesh Lalla,Police Officer,263674,9190137896,hitesh.parent23@gmail.com
24,Chaitaly Dugar,Shopkeeper,719164,9595744935,chaitaly.parent24@gmail.com
25,Jagdish Ghose,Government Employee,360909,9379340713,jagdish.parent25@gmail.com
26,Bishakha Dugar,Police Officer,1523016,9327268503,bishakha.parent26@gmail.com
27,Aarav Rege,Driver,1520890,9462388455,aarav.parent27@gmail.com
28,Varenya Singhal,Police Officer,1317092,9907464398,varenya.parent28@gmail.com
29,Madhav Bali,Shopkeeper,1208103,9996478772,madhav.parent29@gmail.com
30,Kala Mani,Teacher,2122609,9120812641,kala.parent30@gmail.com
31,Lohit Setty,Contractor,368462,9475767056,lohit.parent31@gmail.com
32,Bimala Kaur,Bank Officer,437806,9938842599,bimala.parent32@gmail.com
33,Kevin Hora,Doctor,280149,9365518424,kevin.parent33@gmail.com
34,Unnati Contractor,Homemaker,235479,9767154083,unnati.parent34@gmail.com
35,Isaiah Dixit,Farmer,1150530,9235528741,isaiah.parent35@gmail.com
36,Lila Dhar,Professor,629784,9705557720,lila.parent36@gmail.com
37,Balendra Bhasin,Homemaker,2100493,9851044796,balendra.parent37@gmail.com
38,Gayathri Mohanty,Lawyer,1697258,9280162221,gayathri.parent38@gmail.com
39,Maanas Sarna,Self Employed,630385,9935147672,maanas.parent39@gmail.com
40,Diya Sidhu,Government Employee,1454591,9216070149,diya.parent40@gmail.com
